{
	"credit": "Made with Blockbench",
	"textures": {
		"0": "custom/glass",
		"1": "custom/red_wool",
		"particle": "custom/glass"
	},
	"elements": [
		{
			"from": [5, 0, 6],
			"to": [6, 1, 8],
			"faces": {
				"north": {"uv": [0.25, 1.5, 1.25, 2.5], "texture": "#1"},
				"east": {"uv": [1, 1, 3, 2], "texture": "#1"},
				"south": {"uv": [0.5, 1.5, 1.5, 2.5], "texture": "#1"},
				"west": {"uv": [1.25, 1, 3.25, 2], "texture": "#1"},
				"up": {"uv": [0.75, 1, 1.75, 3], "texture": "#1"},
				"down": {"uv": [1.25, 1, 2.25, 3], "texture": "#1"}
			}
		},
		{
			"from": [5, 1, 6],
			"to": [10, 7, 8],
			"faces": {
				"north": {"uv": [6.25, 1, 11.25, 7], "texture": "#1"},
				"east": {"uv": [5.75, 1, 7.75, 7], "texture": "#1"},
				"south": {"uv": [6.25, 1, 11.25, 7], "texture": "#1"},
				"west": {"uv": [5.25, 1, 7.25, 7], "texture": "#1"},
				"up": {"uv": [5.75, 2, 10.75, 4], "texture": "#1"},
				"down": {"uv": [5.75, 1, 10.75, 3], "texture": "#1"}
			}
		},
		{
			"from": [9, 0, 6],
			"to": [10, 1, 8],
			"faces": {
				"north": {"uv": [0.5, 1.5, 1.5, 2.5], "texture": "#1"},
				"east": {"uv": [2.25, 1, 4.25, 2], "texture": "#1"},
				"south": {"uv": [1, 1.5, 2, 2.5], "texture": "#1"},
				"west": {"uv": [2.5, 1, 4.5, 2], "texture": "#1"},
				"up": {"uv": [2.5, 1, 3.5, 3], "texture": "#1"},
				"down": {"uv": [2.5, 1, 3.5, 3], "texture": "#1"}
			}
		},
		{
			"from": [6, 4, 5.25],
			"to": [9, 6, 6],
			"faces": {
				"north": {"uv": [14, 0, 16, 1], "texture": "#0"},
				"east": {"uv": [0, 0, 0.75, 2], "texture": "#0"},
				"south": {"uv": [9, 0, 12, 1], "texture": "#0"},
				"west": {"uv": [15, 2, 15.75, 4], "texture": "#0"},
				"up": {"uv": [14, 0, 16, 1], "rotation": 180, "texture": "#0"},
				"down": {"uv": [14, 0, 16, 1], "rotation": 180, "texture": "#0"}
			}
		},
		{
			"from": [6, 2, 8],
			"to": [9, 5, 9.5],
			"faces": {
				"north": {"uv": [4, 2, 7, 5], "texture": "#1"},
				"east": {"uv": [3.25, 5.5, 4.75, 8.5], "texture": "#1"},
				"south": {"uv": [3.25, 2, 6.25, 5], "texture": "#1"},
				"west": {"uv": [3.25, 3.5, 4.75, 6.5], "texture": "#1"},
				"up": {"uv": [3.25, 8, 6.25, 9.5], "texture": "#1"},
				"down": {"uv": [3.25, 10, 6.25, 11.5], "texture": "#1"}
			}
		}
	],
	"display": {
		"thirdperson_righthand": {
			"rotation": [68, 0, 0],
			"translation": [1.25, 1.75, 19.5]
		},
		"thirdperson_lefthand": {
			"rotation": [68, 0, 0],
			"translation": [0.25, 1.75, 19.5]
		},
		"firstperson_righthand": {
			"rotation": [0, 123, 0],
			"translation": [2, 5.75, 0.25],
			"scale": [0.5, 0.5, 0.5]
		},
		"firstperson_lefthand": {
			"rotation": [0, 123, 0],
			"translation": [2.75, 5.25, 0.25],
			"scale": [0.5, 0.5, 0.5]
		},
		"ground": {
			"translation": [0.25, 4, 0]
		},
		"gui": {
			"rotation": [2, -127, -15],
			"translation": [-4.5, 9, 0],
			"scale": [2, 2, 2]
		},
		"head": {
			"translation": [0.5, 16.25, 1.25],
			"scale": [1.25, 1.25, 1.25]
		},
		"fixed": {
			"translation": [0, 4, -2.25]
		}
	},
	"groups": [
		{
			"name": "body",
			"origin": [0, 0, 0],
			"color": 0,
			"children": [0, 1, 2, 3, 4]
		}
	]
}