{
	"textures": {
		"0": "custom/bacon",
		"particle": "custom/bacon"
	},
	"elements": [
		{
			"from": [7, 0, 5],
			"to": [8, 0.25, 11],
			"faces": {
				"north": {"uv": [0, 0, 1, 0.25], "texture": "#0"},
				"east": {"uv": [0, 0, 6, 0.25], "texture": "#0"},
				"south": {"uv": [0, 0, 1, 0.25], "texture": "#0"},
				"west": {"uv": [0, 0, 6, 0.25], "texture": "#0"},
				"up": {"uv": [0, 0, 4, 15], "texture": "#0"},
				"down": {"uv": [0, 0, 4, 15], "texture": "#0"}
			}
		},
		{
			"from": [5, 0, 6],
			"to": [6, 0.25, 7],
			"faces": {
				"north": {"uv": [0, 0, 1, 0.25], "texture": "#0"},
				"east": {"uv": [0, 0, 1, 0.25], "texture": "#0"},
				"south": {"uv": [0, 0, 1, 0.25], "texture": "#0"},
				"west": {"uv": [0, 0, 1, 0.25], "texture": "#0"},
				"up": {"uv": [0, 0, 4, 15], "texture": "#0"},
				"down": {"uv": [0, 0, 4, 15], "texture": "#0"}
			}
		},
		{
			"from": [6, 0, 5],
			"to": [7, 0.25, 8],
			"faces": {
				"north": {"uv": [0, 0, 1, 0.25], "texture": "#0"},
				"east": {"uv": [0, 0, 3, 0.25], "texture": "#0"},
				"south": {"uv": [0, 0, 1, 0.25], "texture": "#0"},
				"west": {"uv": [0, 0, 3, 0.25], "texture": "#0"},
				"up": {"uv": [0, 0, 4, 15], "texture": "#0"},
				"down": {"uv": [0, 0, 4, 15], "texture": "#0"}
			}
		},
		{
			"from": [9, 0, 9],
			"to": [10, 0.25, 10],
			"faces": {
				"north": {"uv": [0, 0, 1, 0.25], "texture": "#0"},
				"east": {"uv": [0, 0, 1, 0.25], "texture": "#0"},
				"south": {"uv": [0, 0, 1, 0.25], "texture": "#0"},
				"west": {"uv": [0, 0, 1, 0.25], "texture": "#0"},
				"up": {"uv": [0, 0, 4, 15], "texture": "#0"},
				"down": {"uv": [0, 0, 4, 15], "texture": "#0"}
			}
		},
		{
			"from": [8, 0, 8],
			"to": [9, 0.25, 11],
			"faces": {
				"north": {"uv": [0, 0, 1, 0.25], "texture": "#0"},
				"east": {"uv": [0, 0, 3, 0.25], "texture": "#0"},
				"south": {"uv": [0, 0, 1, 0.25], "texture": "#0"},
				"west": {"uv": [0, 0, 3, 0.25], "texture": "#0"},
				"up": {"uv": [0, 0, 4, 15], "texture": "#0"},
				"down": {"uv": [0, 0, 4, 15], "texture": "#0"}
			}
		}
	],
	"display": {
		"thirdperson_righthand": {
			"rotation": [-2, 46, -0.5],
			"translation": [0, 8, 0]
		},
		"thirdperson_lefthand": {
			"rotation": [-2, -28, -0.5],
			"translation": [0, 8, 0]
		},
		"firstperson_righthand": {
			"rotation": [45, 18, 2],
			"translation": [0.5, 7.25, 6]
		},
		"firstperson_lefthand": {
			"rotation": [45, 18, 2],
			"translation": [0.5, 7.25, 6]
		},
		"ground": {
			"translation": [0, 4.75, 0]
		},
		"gui": {
			"rotation": [90, 0, 0],
			"translation": [0.5, 0, 0],
			"scale": [2, 2, 2]
		},
		"head": {
			"translation": [0, 14.5, 0]
		},
		"fixed": {
			"rotation": [-90, -9, 0],
			"translation": [1.75, 0.25, -16],
			"scale": [2, 2, 2]
		}
	}
}