{
 "parent": "item/handheld",
 "textures": {
  "layer0": "item/carrot_on_a_stick"
 },

 "overrides": [
  { "predicate": {"custom_model_data":7500}, "model": "item/failed_tophat"},
  { "predicate": {"custom_model_data":7501}, "model": "item/hotdog"},
  { "predicate": {"custom_model_data":7502}, "model": "item/tophat"},
  { "predicate": {"custom_model_data":7503}, "model": "item/nether_portal_hat"},
  { "predicate": {"custom_model_data":7504}, "model": "item/amogus"},
  { "predicate": {"custom_model_data":7505}, "model": "item/giant"},
  { "predicate": {"custom_model_data":7506}, "model": "item/toyota"},
  { "predicate": {"custom_model_data":7507}, "model": "item/manacle"}
 ]
}