{
	"textures": {
		"0": "custom/zombie",
		"particle": "custom/zombie"
	},
	"elements": [
		{
			"from": [4, 0, 4],
			"to": [12, 8, 12],
			"faces": {
				"north": {"uv": [2, 2, 4, 4], "texture": "#0"},
				"east": {"uv": [4, 2, 6, 4], "texture": "#0"},
				"south": {"uv": [6, 2, 8, 4], "texture": "#0"},
				"west": {"uv": [0, 2, 2, 4], "texture": "#0"},
				"up": {"uv": [2, 0, 4, 2], "texture": "#0"},
				"down": {"uv": [4, 0, 6, 2], "texture": "#0"}
			}
		}
	],
	"display": {
		"thirdperson_righthand": {
			"translation": [0, 7.25, 0.25]
		},
		"thirdperson_lefthand": {
			"translation": [0, 7.25, 0.25]
		},
		"firstperson_righthand": {
			"rotation": [0, 127, 0],
			"translation": [0, 8, 0],
			"scale": [0.7, 0.7, 0.7]
		},
		"firstperson_lefthand": {
			"rotation": [0, 127, 0],
			"translation": [0, 8, 0],
			"scale": [0.7, 0.7, 0.7]
		},
		"ground": {
			"translation": [0, 29.5, 0],
			"scale": [4, 4, 4]
		},
		"gui": {
			"rotation": [0, -180, 0],
			"translation": [0, 15.75, 0],
			"scale": [4, 4, 4]
		},
		"head": {
			"translation": [0, 25.25, 0],
			"scale": [4, 4, 4]
		},
		"fixed": {
			"translation": [0, 16, -15],
			"scale": [4, 4, 4]
		}
	}
}