{
	"credit": "Made with Blockbench",
	"textures": {
		"0": "custom/terracotta",
		"1": "custom/bread",
		"2": "custom/condamints",
		"particle": "custom/terracotta"
	},
	"elements": [
		{
			"from": [-1, 1, 7],
			"to": [16, 4, 10],
			"faces": {
				"north": {"uv": [0, 0, 16, 3], "texture": "#0"},
				"east": {"uv": [0, 0, 3, 3], "texture": "#0"},
				"south": {"uv": [0, 0, 16, 3], "texture": "#0"},
				"west": {"uv": [0, 0, 3, 3], "texture": "#0"},
				"up": {"uv": [0.5, 0, 9.5, 16], "rotation": 90, "texture": "#2"},
				"down": {"uv": [0, 0, 16, 3], "texture": "#0"}
			}
		},
		{
			"from": [1, 0, 6],
			"to": [14, 1, 11],
			"faces": {
				"north": {"uv": [2, 7, 15, 8], "texture": "#1"},
				"east": {"uv": [3, 14, 8, 15], "texture": "#1"},
				"south": {"uv": [2, 7, 15, 8], "texture": "#1"},
				"west": {"uv": [1, 13, 6, 14], "texture": "#1"},
				"up": {"uv": [1, 9, 9, 14], "texture": "#1"},
				"down": {"uv": [5, 4, 15, 8], "texture": "#1"}
			}
		},
		{
			"from": [1, 1, 5],
			"to": [14, 5, 7],
			"faces": {
				"north": {"uv": [3, 6, 14, 9], "texture": "#1"},
				"east": {"uv": [11, 4, 13, 8], "texture": "#1"},
				"south": {"uv": [3, 6, 14, 9], "texture": "#1"},
				"west": {"uv": [6, 6, 8, 10], "texture": "#1"},
				"up": {"uv": [4, 5, 15, 7], "texture": "#1"},
				"down": {"uv": [6, 4, 15, 6], "texture": "#1"}
			}
		},
		{
			"from": [1, 1, 10],
			"to": [14, 5, 12],
			"faces": {
				"north": {"uv": [1, 9, 9, 13], "texture": "#1"},
				"east": {"uv": [12, 3, 14, 7], "texture": "#1"},
				"south": {"uv": [5, 4, 15, 8], "texture": "#1"},
				"west": {"uv": [9, 7, 11, 11], "texture": "#1"},
				"up": {"uv": [4, 5, 15, 7], "texture": "#1"},
				"down": {"uv": [1, 9, 12, 11], "texture": "#1"}
			}
		}
	],
	"display": {
		"thirdperson_righthand": {
			"translation": [1.75, 7, 0]
		},
		"thirdperson_lefthand": {
			"translation": [0.25, 7, 0]
		},
		"firstperson_righthand": {
			"rotation": [2.25, -88, -13.5],
			"translation": [0, 8, -0.25]
		},
		"firstperson_lefthand": {
			"rotation": [2.25, -88, -13.5],
			"translation": [0, 8, -0.25]
		},
		"ground": {
			"translation": [0, 5.25, 0]
		},
		"gui": {
			"rotation": [36, 29, 0],
			"translation": [0, 6, 3.75],
			"scale": [1, 1.26, 1]
		},
		"head": {
			"rotation": [0, -45, 0],
			"translation": [2, 22.5, 0.5],
			"scale": [2, 2, 2]
		},
		"fixed": {
			"translation": [0, 4, -4.75]
		}
	}
}