{
	"textures": {
		"0": "custom/gold_block",
		"1": "custom/glass",
		"particle": "custom/gold_block"
	},
	"elements": [
		{
			"from": [10, 0, 7],
			"to": [11, 2, 8],
			"faces": {
				"north": {"uv": [1, 0, 2, 2], "texture": "#0"},
				"east": {"uv": [1, 4, 2, 6], "texture": "#0"},
				"south": {"uv": [9, 2, 10, 4], "texture": "#0"},
				"west": {"uv": [15, 6, 16, 8], "texture": "#0"},
				"up": {"uv": [0, 0, 1, 1], "texture": "#0"},
				"down": {"uv": [0, 0, 1, 1], "texture": "#0"}
			}
		},
		{
			"from": [6, 3, 7],
			"to": [7, 5, 8],
			"faces": {
				"north": {"uv": [1, 0, 2, 2], "texture": "#0"},
				"east": {"uv": [1, 4, 2, 6], "texture": "#0"},
				"south": {"uv": [9, 2, 10, 4], "texture": "#0"},
				"west": {"uv": [15, 6, 16, 8], "texture": "#0"},
				"up": {"uv": [0, 0, 1, 1], "texture": "#0"},
				"down": {"uv": [0, 0, 1, 1], "texture": "#0"}
			}
		},
		{
			"from": [9, 1, 7],
			"to": [10, 5, 8],
			"faces": {
				"north": {"uv": [1, 0, 2, 4], "texture": "#0"},
				"east": {"uv": [1, 4, 2, 8], "texture": "#0"},
				"south": {"uv": [9, 2, 10, 6], "texture": "#0"},
				"west": {"uv": [15, 6, 16, 10], "texture": "#0"},
				"up": {"uv": [0, 0, 1, 1], "texture": "#0"},
				"down": {"uv": [0, 0, 1, 1], "texture": "#0"}
			}
		},
		{
			"from": [7, 2, 7],
			"to": [9, 3, 8],
			"faces": {
				"north": {"uv": [1, 0, 3, 1], "texture": "#0"},
				"east": {"uv": [1, 4, 2, 5], "texture": "#0"},
				"south": {"uv": [9, 2, 11, 3], "texture": "#0"},
				"west": {"uv": [15, 6, 16, 7], "texture": "#0"},
				"up": {"uv": [0, 0, 2, 1], "texture": "#0"},
				"down": {"uv": [0, 0, 2, 1], "texture": "#0"}
			}
		},
		{
			"from": [7, 5, 7],
			"to": [9, 6, 8],
			"faces": {
				"north": {"uv": [1, 0, 3, 1], "texture": "#0"},
				"east": {"uv": [1, 4, 2, 5], "texture": "#0"},
				"south": {"uv": [9, 2, 11, 3], "texture": "#0"},
				"west": {"uv": [15, 6, 16, 7], "texture": "#0"},
				"up": {"uv": [0, 0, 2, 1], "texture": "#0"},
				"down": {"uv": [0, 0, 2, 1], "texture": "#0"}
			}
		},
		{
			"from": [7, 3, 7],
			"to": [9, 5, 8],
			"faces": {
				"north": {"uv": [3, 2, 5, 4], "texture": "#1"},
				"east": {"uv": [11, 4, 12, 6], "texture": "#1"},
				"south": {"uv": [13, 1, 15, 3], "texture": "#1"},
				"west": {"uv": [14, 3, 15, 5], "texture": "#1"},
				"up": {"uv": [10, 6, 12, 7], "texture": "#1"},
				"down": {"uv": [6, 9, 8, 10], "texture": "#1"}
			}
		}
	],
	"display": {
		"thirdperson_righthand": {
			"rotation": [60, 0, 0],
			"translation": [-3.75, 6, 17.75]
		},
		"thirdperson_lefthand": {
			"rotation": [60, 0, 0],
			"translation": [-8.75, 6, 17.75]
		},
		"firstperson_righthand": {
			"translation": [0, 13.5, 0]
		},
		"firstperson_lefthand": {
			"translation": [-17.75, 13.5, 0]
		},
		"ground": {
			"translation": [0, 4.25, 0]
		},
		"gui": {
			"rotation": [0, -180, 0],
			"translation": [1, 9.25, 0],
			"scale": [2, 2, 2]
		},
		"head": {
			"translation": [4, 6, -6.5],
			"scale": [1.5, 1.5, 1.5]
		},
		"fixed": {
			"translation": [0, 6.75, 0],
			"scale": [1.4, 1.4, 1.4]
		}
	}
}