{
	"credit": "Made with Blockbench",
	"textures": {
		"0": "custom/nether_portal",
		"1": "custom/obsidian",
		"particle": "custom/nether_portal"
	},
	"elements": [
		{
			"from": [1, -2, 7],
			"to": [17, 2, 11],
			"faces": {
				"north": {"uv": [0, 0, 16, 4], "texture": "#1"},
				"east": {"uv": [0, 0, 4, 4], "texture": "#1"},
				"south": {"uv": [0, 0, 16, 4], "texture": "#1"},
				"west": {"uv": [0, 0, 4, 4], "texture": "#1"},
				"up": {"uv": [0, 0, 16, 4], "texture": "#1"},
				"down": {"uv": [0, 0, 16, 4], "texture": "#1"}
			}
		},
		{
			"from": [1, 14, 7],
			"to": [17, 18, 11],
			"faces": {
				"north": {"uv": [0, 0, 16, 4], "texture": "#1"},
				"east": {"uv": [0, 0, 4, 4], "texture": "#1"},
				"south": {"uv": [0, 0, 16, 4], "texture": "#1"},
				"west": {"uv": [0, 0, 4, 4], "texture": "#1"},
				"up": {"uv": [0, 0, 16, 4], "texture": "#1"},
				"down": {"uv": [0, 0, 16, 4], "texture": "#1"}
			}
		},
		{
			"from": [1, 2, 7],
			"to": [5, 14, 11],
			"faces": {
				"north": {"uv": [0, 0, 4, 12], "texture": "#1"},
				"east": {"uv": [0, 0, 4, 12], "texture": "#1"},
				"south": {"uv": [0, 0, 4, 12], "texture": "#1"},
				"west": {"uv": [0, 0, 4, 12], "texture": "#1"},
				"up": {"uv": [0, 0, 4, 4], "texture": "#1"},
				"down": {"uv": [0, 0, 4, 4], "texture": "#1"}
			}
		},
		{
			"from": [13, 2, 7],
			"to": [17, 14, 11],
			"faces": {
				"north": {"uv": [0, 0, 4, 12], "texture": "#1"},
				"east": {"uv": [0, 0, 4, 12], "texture": "#1"},
				"south": {"uv": [0, 0, 4, 12], "texture": "#1"},
				"west": {"uv": [0, 0, 4, 12], "texture": "#1"},
				"up": {"uv": [0, 0, 4, 4], "texture": "#1"},
				"down": {"uv": [0, 0, 4, 4], "texture": "#1"}
			}
		},
		{
			"name": "portal",
			"from": [5, 2, 8],
			"to": [13, 14, 10],
			"faces": {
				"north": {"uv": [0, 0, 8, 12], "texture": "#0"},
				"east": {"uv": [0, 0, 2, 12], "texture": "#0"},
				"south": {"uv": [0, 0, 16, 16], "texture": "#0"},
				"west": {"uv": [0, 0, 2, 12], "texture": "#0"},
				"up": {"uv": [0, 0, 8, 2], "texture": "#0"},
				"down": {"uv": [0, 0, 8, 2], "texture": "#0"}
			}
		}
	],
	"display": {
		"thirdperson_righthand": {
			"translation": [0, 10, 0]
		},
		"thirdperson_lefthand": {
			"translation": [0, 10, 0]
		},
		"firstperson_righthand": {
			"rotation": [-22, -36, 0],
			"translation": [0, 7.5, -7.25]
		},
		"firstperson_lefthand": {
			"rotation": [-22, -36, 0],
			"translation": [0, 7.5, -7.25]
		},
		"ground": {
			"translation": [0, 6.5, 0]
		},
		"gui": {
			"rotation": [16, -16, 0],
			"translation": [-0.75, 0, 0],
			"scale": [0.83594, 0.8125, 1]
		},
		"head": {
			"translation": [-1, 16.5, -1.25]
		},
		"fixed": {
			"translation": [-1, 0, -3]
		}
	},
	"groups": [
		{
			"name": "frame",
			"origin": [0, 0, 0],
			"color": 0,
			"children": [0, 1, 2, 3]
		}, 4]
}