{
	"credit": "Made with Blockbench",
	"textures": {
		"0": "custom/black_wool",
		"1": "custom/red_wool",
		"particle": "custom/black_wool"
	},
	"elements": [
		{
			"from": [5, 1, 5],
			"to": [10, 2, 11],
			"faces": {
				"north": {"uv": [0, 0, 5, 1], "texture": "#0"},
				"east": {"uv": [0, 0, 6, 1], "texture": "#0"},
				"south": {"uv": [0, 0, 5, 1], "texture": "#0"},
				"west": {"uv": [0, 0, 6, 1], "texture": "#0"},
				"up": {"uv": [0, 0, 5, 6], "texture": "#0"},
				"down": {"uv": [0, 0, 5, 6], "texture": "#0"}
			}
		},
		{
			"from": [6, 2, 6],
			"to": [9, 6, 10],
			"faces": {
				"north": {"uv": [0, 0, 3, 4], "texture": "#0"},
				"east": {"uv": [0, 0, 4, 4], "texture": "#0"},
				"south": {"uv": [0, 0, 3, 4], "texture": "#0"},
				"west": {"uv": [0, 0, 4, 4], "texture": "#0"},
				"up": {"uv": [0, 0, 3, 4], "texture": "#0"},
				"down": {"uv": [0, 0, 3, 4], "texture": "#0"}
			}
		},
		{
			"from": [4.75, 1, 5],
			"to": [5, 2.5, 11],
			"faces": {
				"north": {"uv": [0, 0, 0.25, 1.5], "texture": "#0"},
				"east": {"uv": [0, 0, 6, 1.5], "texture": "#0"},
				"south": {"uv": [0, 0, 0.25, 1.5], "texture": "#0"},
				"west": {"uv": [0, 0, 6, 1.5], "texture": "#0"},
				"up": {"uv": [0, 0, 0.25, 6], "texture": "#0"},
				"down": {"uv": [0, 0, 0.25, 6], "texture": "#0"}
			}
		},
		{
			"from": [4.75, 1, 4.75],
			"to": [10.25, 2.5, 5],
			"faces": {
				"north": {"uv": [0, 0, 5.5, 1.5], "texture": "#0"},
				"east": {"uv": [0, 0, 0.25, 1.5], "texture": "#0"},
				"south": {"uv": [0, 0, 5.5, 1.5], "texture": "#0"},
				"west": {"uv": [0, 0, 0.25, 1.5], "texture": "#0"},
				"up": {"uv": [0, 0, 0.25, 5.5], "rotation": 90, "texture": "#0"},
				"down": {"uv": [0, 0, 0.25, 5.5], "rotation": 270, "texture": "#0"}
			}
		},
		{
			"from": [4.75, 1, 11],
			"to": [10.25, 2.5, 11.25],
			"faces": {
				"north": {"uv": [0, 0, 5.5, 1.5], "texture": "#0"},
				"east": {"uv": [0, 0, 0.25, 1.5], "texture": "#0"},
				"south": {"uv": [0, 0, 5.5, 1.5], "texture": "#0"},
				"west": {"uv": [0, 0, 0.25, 1.5], "texture": "#0"},
				"up": {"uv": [0, 0, 0.25, 5.5], "rotation": 90, "texture": "#0"},
				"down": {"uv": [0, 0, 0.25, 5.5], "rotation": 270, "texture": "#0"}
			}
		},
		{
			"from": [10, 1, 5],
			"to": [10.25, 2.5, 11],
			"faces": {
				"north": {"uv": [0, 0, 0.25, 1.5], "texture": "#0"},
				"east": {"uv": [0, 0, 6, 1.5], "texture": "#0"},
				"south": {"uv": [0, 0, 0.25, 1.5], "texture": "#0"},
				"west": {"uv": [0, 0, 6, 1.5], "texture": "#0"},
				"up": {"uv": [0, 0, 0.25, 6], "texture": "#0"},
				"down": {"uv": [0, 0, 0.25, 6], "texture": "#0"}
			}
		},
		{
			"from": [5.9, 2, 5.9],
			"to": [9.05, 3, 10.05],
			"faces": {
				"north": {"uv": [0, 0, 3.5, 1], "texture": "#1"},
				"east": {"uv": [0, 0, 4.5, 1], "texture": "#1"},
				"south": {"uv": [0, 0, 3.5, 1], "texture": "#1"},
				"west": {"uv": [0, 0, 4.15, 1], "texture": "#1"},
				"up": {"uv": [0, 0, 3.5, 4.5], "texture": "#1"},
				"down": {"uv": [0, 0, 3.5, 4.5], "texture": "#1"}
			}
		},
		{
			"from": [5.7, -1, 7],
			"to": [6.25, 0, 9.5],
			"rotation": {"angle": -22.5, "axis": "x", "origin": [0, 0, 0]},
			"faces": {
				"north": {"uv": [0, 0, 0.55, 1], "texture": "#1"},
				"east": {"uv": [0, 0, 2.5, 1], "texture": "#1"},
				"south": {"uv": [0, 0, 0.55, 1], "texture": "#1"},
				"west": {"uv": [0, 0, 2.5, 1], "texture": "#1"},
				"up": {"uv": [0, 0, 0.55, 2.5], "texture": "#1"},
				"down": {"uv": [0, 0, 0.55, 2.5], "texture": "#1"}
			}
		},
		{
			"from": [5.75, 5, 5],
			"to": [6, 6, 7.5],
			"rotation": {"angle": 22.5, "axis": "x", "origin": [0, 0, 0]},
			"faces": {
				"north": {"uv": [0, 0, 0.25, 1], "texture": "#1"},
				"east": {"uv": [0, 0, 2.5, 1], "texture": "#1"},
				"south": {"uv": [0, 0, 0.25, 1], "texture": "#1"},
				"west": {"uv": [0, 0, 2.5, 1], "texture": "#1"},
				"up": {"uv": [0, 0, 0.25, 2.5], "texture": "#1"},
				"down": {"uv": [0, 0, 0.25, 2.5], "texture": "#1"}
			}
		}
	],
	"display": {
		"thirdperson_righthand": {
			"translation": [0.5, 10, 0],
			"scale": [1.5, 1.5, 1.5]
		},
		"thirdperson_lefthand": {
			"rotation": [0, -180, 0],
			"translation": [0.5, 10, 0],
			"scale": [1.5, 1.5, 1.5]
		},
		"firstperson_righthand": {
			"rotation": [0, 23, 0],
			"translation": [0, 9, 0]
		},
		"firstperson_lefthand": {
			"rotation": [0, -157, 0],
			"translation": [0, 9, 0]
		},
		"ground": {
			"translation": [0, 3, 0]
		},
		"gui": {
			"rotation": [33, 47, 0],
			"translation": [0.75, 9, 0],
			"scale": [2, 2, 2]
		},
		"head": {
			"translation": [1.25, 19.5, 0],
			"scale": [2.5, 2, 2.5]
		},
		"fixed": {
			"translation": [1.25, 9.5, -3.25],
			"scale": [2, 2, 2]
		}
	},
	"groups": [
		{
			"name": "tophat",
			"origin": [8, 8, 8],
			"color": 0,
			"children": [
				{
					"name": "hat",
					"origin": [0, 0, 0],
					"color": 0,
					"children": [0, 1, 2, 3, 4, 5]
				},
				{
					"name": "ribbon",
					"origin": [8, 8, 8],
					"color": 0,
					"children": [6, 7, 8]
				}
			]
		}
	]
}