{
	"texture_size": [32, 32],
	"textures": {
		"1": "custom/sumbrero_circle",
		"2": "custom/sumbrero",
		"particle": "custom/sumbrero_circle"
	},
	"elements": [
		{
			"from": [0, 0, 0],
			"to": [16, 1, 16],
			"faces": {
				"north": {"uv": [0, 0, 16, 1], "texture": "#1"},
				"east": {"uv": [0, 0, 16, 1], "texture": "#1"},
				"south": {"uv": [0, 0, 16, 1], "texture": "#1"},
				"west": {"uv": [0, 0, 8, 0.5], "texture": "#1"},
				"up": {"uv": [0, 0, 16, 16], "texture": "#1"},
				"down": {"uv": [0, 0, 16, 16], "texture": "#1"}
			}
		},
		{
			"from": [-0.5, 0, 0],
			"to": [0, 2, 16],
			"faces": {
				"north": {"uv": [0, 0, 0.25, 1], "texture": "#2"},
				"east": {"uv": [0, 0, 8, 1], "texture": "#2"},
				"south": {"uv": [0, 0, 0.25, 1], "texture": "#2"},
				"west": {"uv": [0, 0, 8, 1], "texture": "#2"},
				"up": {"uv": [15.75, 8, 16, 16], "texture": "#2"},
				"down": {"uv": [0, 8, 0.25, 16], "texture": "#2"}
			}
		},
		{
			"from": [16, 0, 0],
			"to": [16.5, 2, 16],
			"faces": {
				"north": {"uv": [0, 0, 0.25, 1], "texture": "#2"},
				"east": {"uv": [0, 0, 8, 1], "texture": "#2"},
				"south": {"uv": [0, 0, 0.25, 1], "texture": "#2"},
				"west": {"uv": [0, 0, 8, 1], "texture": "#2"},
				"up": {"uv": [15.75, 8, 16, 16], "texture": "#2"},
				"down": {"uv": [0, 8, 0.25, 16], "texture": "#2"}
			}
		},
		{
			"from": [0, 0, -0.5],
			"to": [16, 2, 0],
			"faces": {
				"north": {"uv": [0, 0, 8, 1], "texture": "#2"},
				"east": {"uv": [0, 0, 0.25, 1], "texture": "#2"},
				"south": {"uv": [0, 0, 8, 1], "texture": "#2"},
				"west": {"uv": [0, 0, 0.25, 1], "texture": "#2"},
				"up": {"uv": [15.75, 8, 16, 16], "rotation": 270, "texture": "#2"},
				"down": {"uv": [0, 8, 0.25, 16], "rotation": 90, "texture": "#2"}
			}
		},
		{
			"from": [0, 0, 16],
			"to": [16, 2, 16.5],
			"faces": {
				"north": {"uv": [0, 0, 8, 1], "texture": "#2"},
				"east": {"uv": [0, 0, 0.25, 1], "texture": "#2"},
				"south": {"uv": [0, 0, 8, 1], "texture": "#2"},
				"west": {"uv": [0, 0, 0.25, 1], "texture": "#2"},
				"up": {"uv": [15.75, 8, 16, 16], "rotation": 270, "texture": "#2"},
				"down": {"uv": [0, 8, 0.25, 16], "rotation": 90, "texture": "#2"}
			}
		},
		{
			"from": [4, 1, 4],
			"to": [12, 8, 12],
			"faces": {
				"north": {"uv": [0, 0, 4, 3.5], "texture": "#2"},
				"east": {"uv": [0, 0, 4, 3.5], "texture": "#2"},
				"south": {"uv": [0, 0, 4, 3.5], "texture": "#2"},
				"west": {"uv": [0, 0, 4, 3.5], "texture": "#2"},
				"up": {"uv": [5.75, 5.75, 9.75, 9.75], "texture": "#2"},
				"down": {"uv": [0, 0, 4, 4], "texture": "#2"}
			}
		}
	],
	"display": {
		"thirdperson_righthand": {
			"rotation": [-28, 0, 0],
			"translation": [0, 7, -3.5]
		},
		"thirdperson_lefthand": {
			"rotation": [-28, 0, 0],
			"translation": [0, 7, -3.5]
		},
		"firstperson_righthand": {
			"rotation": [-25, 0, 14],
			"translation": [-0.75, 5.5, 0],
			"scale": [0.5, 0.5, 0.5]
		},
		"firstperson_lefthand": {
			"rotation": [-25, 0, 14],
			"translation": [-0.75, 5.5, 0],
			"scale": [0.5, 0.5, 0.5]
		},
		"ground": {
			"translation": [0, 4, 0]
		},
		"gui": {
			"rotation": [25, 21, 0],
			"translation": [0, 4.25, 0]
		},
		"head": {
			"translation": [0, 30, 0],
			"scale": [3, 3, 3]
		},
		"fixed": {
			"translation": [0, 5, -2]
		}
	},
	"groups": [
		{
			"name": "main hat",
			"origin": [8, 8, 8],
			"color": 0,
			"children": [0, 1, 2, 3, 4, 5]
		}
	]
}